{"user_id": "14764722-b57d-4670-b7a8-d27e9da7ca00", "as_of_date": "2021-06-29", "meta": {"ticker": "CBLS", "name": "Changebridge Capital Long/Short Equity ETF", "description": "The Changebridge Capital Long/Short Equity ETF (the \"Fund\" or \"Long/Short Equity Fund\") seeks long-term capital appreciation while minimizing volatility. The fund also strives to generate positive alpha via both the long and short portfolios over the course of an entire investment cycle. The Fund has the potential to enhance an investor's return profile while reducing risk.", "logo": "https://changebridgefunds.com/assets/img/Changebridge_Logo_FINAL_Horizontal%20White.svg", "colors": {"primary": "#125470", "secondary": "red", "accent": "red", "warn": "red"}}, "kpis": [], "periods": [{"name": "all", "start_period": "2020-11-13", "end_period": "2021-06-29"}, {"name": "in sample", "start_period": "2020-11-13", "end_period": "2021-03-31"}, {"name": "out sample", "start_period": "2021-04-01", "end_period": "2021-06-29"}], "statistics": [{"name": "all", "start_period": "2020-11-13", "end_period": "2021-06-29", "num_dates": 156, "nav_name": "CBLS", "bench_name": "Benchmark", "stats": [{"stat_id": "annualized_returns", "name": "Returns", "units": "annualized", "value": 0.4703814691539876, "value_formatted": "47.0%", "bench": 0.3097770834672673, "bench_formatted": "31.0%", "difference": 0.1606043856867203, "difference_formatted": "16.1%", "alert": 1.0}, {"stat_id": "cumulative_returns", "name": "Returns", "units": "cumulative", "value": 0.2695422414384743, "value_formatted": "27.0%", "bench": 0.1818184445650015, "bench_formatted": "18.2%", "difference": 0.08772379687347276, "difference_formatted": "8.8%", "alert": 1.0}, {"stat_id": "annualized_volatility", "name": "Volatility", "units": "annualized", "value": 0.19306723541574108, "value_formatted": "19.3%", "bench": 0.24320393721913777, "bench_formatted": "24.3%", "difference": -0.05013670180339669, "difference_formatted": "-5.0%", "alert": 1.0}, {"stat_id": "sharpe_ratio", "name": "Sharpe Ratio", "units": "", "value": 2.0946100160854644, "value_formatted": "2.09", "bench": 1.231357292776354, "bench_formatted": "1.23", "difference": 0.8632527233091103, "difference_formatted": "0.86", "alert": 1.0}, {"stat_id": "calmar_ratio", "name": "Calmar Ratio", "units": "", "value": 4.814838234471154, "value_formatted": "4.81", "bench": 1.5430029202990245, "bench_formatted": "1.54", "difference": 3.27183531417213, "difference_formatted": "3.27", "alert": 1.0}, {"stat_id": "stability", "name": "Stability", "units": "", "value": 0.5771265976843106, "value_formatted": "0.58", "bench": 0.008671377411943623, "bench_formatted": "0.01", "difference": 0.5684552202723671, "difference_formatted": "0.57", "alert": 1.0}, {"stat_id": "max_drawdown", "name": "Max Drawdown", "units": "", "value": -0.0976941376319474, "value_formatted": "-9.8%", "bench": -0.2007624738696116, "bench_formatted": "-20.1%", "difference": 0.1030683362376642, "difference_formatted": "10.3%", "alert": 1.0}, {"stat_id": "omega_ratio", "name": "Omega Ratio", "units": "", "value": 1.4086752277660743, "value_formatted": "1.41", "bench": 1.2229285118520965, "bench_formatted": "1.22", "difference": 0.18574671591397784, "difference_formatted": "0.19", "alert": 1.0}, {"stat_id": "sortino_ratio", "name": "Sortino Ratio", "units": "", "value": 3.0363277904137185, "value_formatted": "3.04", "bench": 1.7515788382814168, "bench_formatted": "1.75", "difference": 1.2847489521323017, "difference_formatted": "1.28", "alert": 1.0}, {"stat_id": "skew", "name": "Skew", "units": "", "value": -0.6042747710220467, "value_formatted": "-0.60", "bench": -0.3700012224247149, "bench_formatted": "-0.37", "difference": -0.23427354859733185, "difference_formatted": "-0.23", "alert": -1.0}, {"stat_id": "kurtosis", "name": "Kurtosis", "units": "", "value": 1.237784422247616, "value_formatted": "1.24", "bench": 0.2199781411010342, "bench_formatted": "0.22", "difference": 1.0178062811465818, "difference_formatted": "1.02", "alert": 1.0}, {"stat_id": "tail_ratio", "name": "Tail Ratio", "units": "", "value": 1.0395642776930758, "value_formatted": "1.04", "bench": 0.8930750792781859, "bench_formatted": "0.89", "difference": 0.14648919841488994, "difference_formatted": "0.15", "alert": 1.0}, {"stat_id": "daily_var", "name": "Daily Var", "units": "", "value": -0.018620026469045425, "value_formatted": "-1.9%", "bench": -0.028471974935429023, "bench_formatted": "-2.8%", "difference": 0.009851948466383598, "difference_formatted": "1.0%", "alert": 1.0}, {"stat_id": "daily_cvar", "name": "Daily Cvar", "units": "", "value": -0.027468011674675608, "value_formatted": "-2.7%", "bench": -0.034603167474960145, "bench_formatted": "-3.5%", "difference": 0.007135155800284537, "difference_formatted": "0.7%", "alert": 1.0}, {"stat_id": "romad", "name": "Romad", "units": "", "value": 4.814838234471154, "value_formatted": "4.81", "bench": 1.5430029202990245, "bench_formatted": "1.54", "difference": 3.27183531417213, "difference_formatted": "3.27", "alert": 1.0}, {"stat_id": "num_days", "name": "Num Days", "units": "", "value": 156, "value_formatted": "156.00", "bench": 156, "bench_formatted": "156.00", "difference": 0.0, "difference_formatted": "0.00", "alert": 0.0}, {"stat_id": "turnover", "name": "Turnover", "units": "pct", "value": 0.6560982381574185, "value_formatted": "65.6%", "bench": 0.5038150398491439, "bench_formatted": "50.4%", "difference": 0.15228319830827464, "difference_formatted": "15.2%", "alert": -1.0}]}, {"name": "in sample", "start_period": "2020-11-13", "end_period": "2021-03-31", "num_dates": 94, "nav_name": "CBLS", "bench_name": "Benchmark", "stats": [{"stat_id": "annualized_returns", "name": "Returns", "units": "annualized", "value": 1.0424754586669764, "value_formatted": "104.2%", "bench": 0.5121858589179338, "bench_formatted": "51.2%", "difference": 0.5302895997490427, "difference_formatted": "53.0%", "alert": 1.0}, {"stat_id": "cumulative_returns", "name": "Returns", "units": "cumulative", "value": 0.30524917399531426, "value_formatted": "30.5%", "bench": 0.1667977425650009, "bench_formatted": "16.7%", "difference": 0.13845143143031335, "difference_formatted": "13.8%", "alert": 1.0}, {"stat_id": "annualized_volatility", "name": "Volatility", "units": "annualized", "value": 0.20808076438232628, "value_formatted": "20.8%", "bench": 0.27395743075869233, "bench_formatted": "27.4%", "difference": -0.06587666637636605, "difference_formatted": "-6.6%", "alert": 1.0}, {"stat_id": "sharpe_ratio", "name": "Sharpe Ratio", "units": "", "value": 3.5403370710772566, "value_formatted": "3.54", "bench": 1.646870249222171, "bench_formatted": "1.65", "difference": 1.8934668218550856, "difference_formatted": "1.89", "alert": 1.0}, {"stat_id": "calmar_ratio", "name": "Calmar Ratio", "units": "", "value": 12.323096152197236, "value_formatted": "12.32", "bench": 3.2309293819664124, "bench_formatted": "3.23", "difference": 9.092166770230824, "difference_formatted": "9.09", "alert": 1.0}, {"stat_id": "stability", "name": "Stability", "units": "", "value": 0.8818825981888453, "value_formatted": "0.88", "bench": 0.39976647531836446, "bench_formatted": "0.40", "difference": 0.48211612287048083, "difference_formatted": "0.48", "alert": 1.0}, {"stat_id": "max_drawdown", "name": "Max Drawdown", "units": "", "value": -0.08459525477946553, "value_formatted": "-8.5%", "bench": -0.15852586001313546, "bench_formatted": "-15.9%", "difference": 0.07393060523366993, "difference_formatted": "7.4%", "alert": 1.0}, {"stat_id": "omega_ratio", "name": "Omega Ratio", "units": "", "value": 1.7732653464948398, "value_formatted": "1.77", "bench": 1.299232295472835, "bench_formatted": "1.30", "difference": 0.47403305102200477, "difference_formatted": "0.47", "alert": 1.0}, {"stat_id": "sortino_ratio", "name": "Sortino Ratio", "units": "", "value": 5.354824712180728, "value_formatted": "5.35", "bench": 2.3377203942599136, "bench_formatted": "2.34", "difference": 3.017104317920815, "difference_formatted": "3.02", "alert": 1.0}, {"stat_id": "skew", "name": "Skew", "units": "", "value": -0.7428088147060702, "value_formatted": "-0.74", "bench": -0.477988024342072, "bench_formatted": "-0.48", "difference": -0.2648207903639982, "difference_formatted": "-0.26", "alert": -1.0}, {"stat_id": "kurtosis", "name": "Kurtosis", "units": "", "value": 1.3138043935761887, "value_formatted": "1.31", "bench": -0.056052565228172035, "bench_formatted": "-0.06", "difference": 1.3698569588043608, "difference_formatted": "1.37", "alert": 1.0}, {"stat_id": "tail_ratio", "name": "Tail Ratio", "units": "", "value": 1.1492425684917595, "value_formatted": "1.15", "bench": 0.8056175305566188, "bench_formatted": "0.81", "difference": 0.34362503793514076, "difference_formatted": "0.34", "alert": 1.0}, {"stat_id": "daily_var", "name": "Daily Var", "units": "", "value": -0.019449269505831517, "value_formatted": "-1.9%", "bench": -0.03329378996848707, "bench_formatted": "-3.3%", "difference": 0.013844520462655555, "difference_formatted": "1.4%", "alert": 1.0}, {"stat_id": "daily_cvar", "name": "Daily Cvar", "units": "", "value": -0.029022519824935422, "value_formatted": "-2.9%", "bench": -0.036995975904616854, "bench_formatted": "-3.7%", "difference": 0.007973456079681432, "difference_formatted": "0.8%", "alert": 1.0}, {"stat_id": "romad", "name": "Romad", "units": "", "value": 12.323096152197236, "value_formatted": "12.32", "bench": 3.2309293819664124, "bench_formatted": "3.23", "difference": 9.092166770230824, "difference_formatted": "9.09", "alert": 1.0}, {"stat_id": "num_days", "name": "Num Days", "units": "", "value": 94, "value_formatted": "94.00", "bench": 94, "bench_formatted": "94.00", "difference": 0.0, "difference_formatted": "0.00", "alert": 0.0}, {"stat_id": "turnover", "name": "Turnover", "units": "pct", "value": 1.138346877476578, "value_formatted": "113.8%", "bench": 0.45077108956781314, "bench_formatted": "45.1%", "difference": 0.6875757879087647, "difference_formatted": "68.8%", "alert": -1.0}]}, {"name": "out sample", "start_period": "2021-04-01", "end_period": "2021-06-29", "num_dates": 62, "nav_name": "CBLS", "bench_name": "Benchmark", "stats": [{"stat_id": "annualized_returns", "name": "Returns", "units": "annualized", "value": -0.10661689350822612, "value_formatted": "-10.7%", "bench": 0.05336560366176979, "bench_formatted": "5.3%", "difference": -0.1599824971699959, "difference_formatted": "-16.0%", "alert": -1.0}, {"stat_id": "cumulative_returns", "name": "Returns", "units": "cumulative", "value": -0.0273564107667984, "value_formatted": "-2.7%", "bench": 0.012873441087553061, "bench_formatted": "1.3%", "difference": -0.04022985185435146, "difference_formatted": "-4.0%", "alert": -1.0}, {"stat_id": "annualized_volatility", "name": "Volatility", "units": "annualized", "value": 0.16433263061588335, "value_formatted": "16.4%", "bench": 0.18845646021283793, "bench_formatted": "18.8%", "difference": -0.024123829596954582, "difference_formatted": "-2.4%", "alert": 1.0}, {"stat_id": "sharpe_ratio", "name": "Sharpe Ratio", "units": "", "value": -0.6046999596262538, "value_formatted": "-0.60", "bench": 0.3686371061549505, "bench_formatted": "0.37", "difference": -0.9733370657812043, "difference_formatted": "-0.97", "alert": -1.0}, {"stat_id": "calmar_ratio", "name": "Calmar Ratio", "units": "", "value": -1.091333585541175, "value_formatted": "-1.09", "bench": 0.4982744186283804, "bench_formatted": "0.50", "difference": -1.5896080041695555, "difference_formatted": "-1.59", "alert": -1.0}, {"stat_id": "stability", "name": "Stability", "units": "", "value": 0.15455308803617668, "value_formatted": "0.15", "bench": 0.016753781545656328, "bench_formatted": "0.02", "difference": 0.13779930649052036, "difference_formatted": "0.14", "alert": 1.0}, {"stat_id": "max_drawdown", "name": "Max Drawdown", "units": "", "value": -0.09769413763194733, "value_formatted": "-9.8%", "bench": -0.1071008297168283, "bench_formatted": "-10.7%", "difference": 0.009406692084880972, "difference_formatted": "0.9%", "alert": 1.0}, {"stat_id": "omega_ratio", "name": "Omega Ratio", "units": "", "value": 0.9049456107392154, "value_formatted": "0.90", "bench": 1.0634985468018214, "bench_formatted": "1.06", "difference": -0.158552936062606, "difference_formatted": "-0.16", "alert": -1.0}, {"stat_id": "sortino_ratio", "name": "Sortino Ratio", "units": "", "value": -0.7871107692019688, "value_formatted": "-0.79", "bench": 0.5316131452841972, "bench_formatted": "0.53", "difference": -1.318723914486166, "difference_formatted": "-1.32", "alert": -1.0}, {"stat_id": "skew", "name": "Skew", "units": "", "value": -0.5501566197429666, "value_formatted": "-0.55", "bench": -0.047010861855427646, "bench_formatted": "-0.05", "difference": -0.5031457578875389, "difference_formatted": "-0.50", "alert": -1.0}, {"stat_id": "kurtosis", "name": "Kurtosis", "units": "", "value": 1.0021500758181512, "value_formatted": "1.00", "bench": 0.11983602649960323, "bench_formatted": "0.12", "difference": 0.882314049318548, "difference_formatted": "0.88", "alert": 1.0}, {"stat_id": "tail_ratio", "name": "Tail Ratio", "units": "", "value": 1.0513504486799052, "value_formatted": "1.05", "bench": 0.8915575425501062, "bench_formatted": "0.89", "difference": 0.15979290612979902, "difference_formatted": "0.16", "alert": 1.0}, {"stat_id": "daily_var", "name": "Daily Var", "units": "", "value": -0.01603022950192164, "value_formatted": "-1.6%", "bench": -0.019964852389072276, "bench_formatted": "-2.0%", "difference": 0.003934622887150636, "difference_formatted": "0.4%", "alert": 1.0}, {"stat_id": "daily_cvar", "name": "Daily Cvar", "units": "", "value": -0.022605548237847134, "value_formatted": "-2.3%", "bench": -0.024322483689369984, "bench_formatted": "-2.4%", "difference": 0.0017169354515228497, "difference_formatted": "0.2%", "alert": 1.0}, {"stat_id": "romad", "name": "Romad", "units": "", "value": -1.091333585541175, "value_formatted": "-1.09", "bench": 0.4982744186283804, "bench_formatted": "0.50", "difference": -1.5896080041695555, "difference_formatted": "-1.59", "alert": -1.0}, {"stat_id": "num_days", "name": "Num Days", "units": "", "value": 62, "value_formatted": "62.00", "bench": 62, "bench_formatted": "62.00", "difference": 0.0, "difference_formatted": "0.00", "alert": 0.0}, {"stat_id": "turnover", "name": "Turnover", "units": "pct", "value": 0.0, "value_formatted": "0.0%", "bench": 0.5909121698388967, "bench_formatted": "59.1%", "difference": -0.5909121698388967, "difference_formatted": "-59.1%", "alert": 1.0}]}], "figures": {"performance": {"name": "Performance", "alt": "Total Returns of $10,000", "src": "/img/cbls_performance.png"}, "tracking_error": {"name": "Tracking Error", "alt": "CBLS vs Benchmark", "src": "/img/cbls_relative_performance.png"}, "drawdown": {"name": "Drawdowns", "alt": "Drawdowns of CBLS and Benchmark", "src": "/img/cbls_drawdown.png"}, "qr_code": {"name": "CBLS Report QR CODE", "alt": "Live Report", "src": "/img/cbls_qr.png"}}, "request_params": {"fn": "portformer_replication_report", "ticker": "CBLS", "use_cash": false, "top_n": 5, "by_cluster": true, "years": 1, "months": 0, "min_months": 12}, "holdings": {"name": "PTMC + LABU + PILL + PBW + QMOM", "as_of_date": "2021-06-29", "start_date": "2021-06-21", "levels": ["all"], "max_depth": 0, "buckets": [{"id": "0", "name": "all", "positions": [{"ticker": "PTMC", "name": "Pacer Trendpilot US Mid Cap ETF", "weight": 0.5344914031806653}, {"ticker": "LABU", "name": "Direxion Daily S&P Biotech Bull 3X Shares", "weight": 0.05647193180610416}, {"ticker": "PILL", "name": "Direxion Daily Pharmaceutical & Medical Bull 3X Shares", "weight": 0.12845509273723232}, {"ticker": "PBW", "name": "Invesco WilderHill Clean Energy ETF", "weight": 0.13840760011144135}, {"ticker": "QMOM", "name": "Alpha Architect U.S. Quantitative Momentum ETF", "weight": 0.14217397216455693}], "replacement_score": {"vintage": "2021-04-01", "score": 58.587311833642055, "completeness": 53.711546585335945, "stability": 97.40986733801931, "simplicity": 83.22783341121297, "confidence": 0.0}}], "replacement_score": {"vintage": "2021-04-01", "score": 58.587311833642055, "completeness": 53.711546585335945, "stability": 97.40986733801931, "simplicity": 83.22783341121297, "confidence": 0.0}}, "replication": {"vintage": "2021-04-01", "in_sample": {"name": "in sample", "start_period": "2020-11-13", "end_period": "2021-03-31"}, "out_sample": {"name": "out sample", "start_period": "2021-04-01", "end_period": "2021-06-29"}, "scoring_stats": {"total_strategies": 778, "has_min_completeness": 581, "cluster_max": 256, "cluster_limit": 100, "strategy_limit": 0, "qualified_strategies": 369, "is_portformer": false}}}