{"user_id": "c7097924-13b2-4876-a982-8388db5aba76", "as_of_date": "2021-06-29", "meta": {"ticker": "CBLS", "name": "Changebridge Capital Long/Short Equity ETF", "description": "The Changebridge Capital Long/Short Equity ETF (the \"Fund\" or \"Long/Short Equity Fund\") seeks long-term capital appreciation while minimizing volatility. The fund also strives to generate positive alpha via both the long and short portfolios over the course of an entire investment cycle. The Fund has the potential to enhance an investor's return profile while reducing risk.", "logo": "https://changebridgefunds.com/assets/img/Changebridge_Logo_FINAL_Horizontal%20White.svg", "colors": {"primary": "#125470", "secondary": "red", "accent": "red", "warn": "red"}}, "kpis": [], "periods": [{"name": "all", "start_period": "2020-11-13", "end_period": "2021-06-29"}, {"name": "in sample", "start_period": "2020-11-13", "end_period": "2021-03-31"}, {"name": "out sample", "start_period": "2021-04-01", "end_period": "2021-06-29"}], "statistics": [{"start_period": "2020-11-13", "end_period": "2021-06-29", "num_dates": 156, "stats": [{"name": "annualized_returns", "units": "annualized", "values": 0.4703814691539876, "values_formatted": "47.04%", "alert": "1"}, {"name": "cumulative_returns", "units": "", "values": 0.2695422414384743, "values_formatted": "26.95%", "alert": "1"}, {"name": "annualized_volatility", "units": "annualized", "values": 0.19306723541574108, "values_formatted": "19.31%", "alert": "1"}, {"name": "sharpe_ratio", "units": "", "values": 2.0946100160854644, "values_formatted": "2.0946", "alert": "1"}, {"name": "calmar_ratio", "units": "", "values": 4.814838234471154, "values_formatted": "4.8148", "alert": "1"}, {"name": "stability", "units": "", "values": 0.5771265976843106, "values_formatted": "0.5771", "alert": "1"}, {"name": "max_drawdown", "units": "", "values": -0.0976941376319474, "values_formatted": "-9.77%", "alert": "1"}, {"name": "omega_ratio", "units": "", "values": 1.4086752277660743, "values_formatted": "1.4087", "alert": "1"}, {"name": "sortino_ratio", "units": "", "values": 3.0363277904137185, "values_formatted": "3.0363", "alert": "1"}, {"name": "skew", "units": "", "values": -0.6042747710220467, "values_formatted": "-0.6043", "alert": "-1"}, {"name": "kurtosis", "units": "", "values": 1.237784422247616, "values_formatted": "1.2378", "alert": "1"}, {"name": "tail_ratio", "units": "", "values": 1.0395642776930758, "values_formatted": "1.0396", "alert": "1"}, {"name": "daily_var", "units": "", "values": -0.018620026469045425, "values_formatted": "-1.86%", "alert": "1"}, {"name": "daily_cvar", "units": "", "values": -0.027468011674675608, "values_formatted": "-2.75%", "alert": "1"}, {"name": "romad", "units": "", "values": 4.814838234471154, "values_formatted": "4.8148", "alert": "1"}, {"name": "num_days", "units": "", "values": 156, "values_formatted": "156.0000", "alert": "0"}, {"name": "turnover", "units": "pct", "values": 0.6560982381574185, "values_formatted": "65.61%", "alert": "-1"}]}, {"start_period": "2020-11-13", "end_period": "2021-03-31", "num_dates": 94, "stats": [{"name": "annualized_returns", "units": "annualized", "values": 1.0424754586669764, "values_formatted": "104.25%", "alert": "1"}, {"name": "cumulative_returns", "units": "", "values": 0.30524917399531426, "values_formatted": "30.52%", "alert": "1"}, {"name": "annualized_volatility", "units": "annualized", "values": 0.20808076438232628, "values_formatted": "20.81%", "alert": "1"}, {"name": "sharpe_ratio", "units": "", "values": 3.5403370710772566, "values_formatted": "3.5403", "alert": "1"}, {"name": "calmar_ratio", "units": "", "values": 12.323096152197236, "values_formatted": "12.3231", "alert": "1"}, {"name": "stability", "units": "", "values": 0.8818825981888453, "values_formatted": "0.8819", "alert": "1"}, {"name": "max_drawdown", "units": "", "values": -0.08459525477946553, "values_formatted": "-8.46%", "alert": "1"}, {"name": "omega_ratio", "units": "", "values": 1.7732653464948398, "values_formatted": "1.7733", "alert": "1"}, {"name": "sortino_ratio", "units": "", "values": 5.354824712180728, "values_formatted": "5.3548", "alert": "1"}, {"name": "skew", "units": "", "values": -0.7428088147060702, "values_formatted": "-0.7428", "alert": "-1"}, {"name": "kurtosis", "units": "", "values": 1.3138043935761887, "values_formatted": "1.3138", "alert": "1"}, {"name": "tail_ratio", "units": "", "values": 1.1492425684917595, "values_formatted": "1.1492", "alert": "1"}, {"name": "daily_var", "units": "", "values": -0.019449269505831517, "values_formatted": "-1.94%", "alert": "1"}, {"name": "daily_cvar", "units": "", "values": -0.029022519824935422, "values_formatted": "-2.90%", "alert": "1"}, {"name": "romad", "units": "", "values": 12.323096152197236, "values_formatted": "12.3231", "alert": "1"}, {"name": "num_days", "units": "", "values": 94, "values_formatted": "94.0000", "alert": "0"}, {"name": "turnover", "units": "pct", "values": 1.138346877476578, "values_formatted": "113.83%", "alert": "-1"}]}, {"start_period": "2021-04-01", "end_period": "2021-06-29", "num_dates": 62, "stats": [{"name": "annualized_returns", "units": "annualized", "values": -0.10661689350822612, "values_formatted": "-10.66%", "alert": "-1"}, {"name": "cumulative_returns", "units": "", "values": -0.0273564107667984, "values_formatted": "-2.74%", "alert": "-1"}, {"name": "annualized_volatility", "units": "annualized", "values": 0.16433263061588335, "values_formatted": "16.43%", "alert": "1"}, {"name": "sharpe_ratio", "units": "", "values": -0.6046999596262538, "values_formatted": "-0.6047", "alert": "-1"}, {"name": "calmar_ratio", "units": "", "values": -1.091333585541175, "values_formatted": "-1.0913", "alert": "-1"}, {"name": "stability", "units": "", "values": 0.15455308803617668, "values_formatted": "0.1546", "alert": "1"}, {"name": "max_drawdown", "units": "", "values": -0.09769413763194733, "values_formatted": "-9.77%", "alert": "1"}, {"name": "omega_ratio", "units": "", "values": 0.9049456107392154, "values_formatted": "0.9049", "alert": "-1"}, {"name": "sortino_ratio", "units": "", "values": -0.7871107692019688, "values_formatted": "-0.7871", "alert": "-1"}, {"name": "skew", "units": "", "values": -0.5501566197429666, "values_formatted": "-0.5502", "alert": "-1"}, {"name": "kurtosis", "units": "", "values": 1.0021500758181512, "values_formatted": "1.0022", "alert": "1"}, {"name": "tail_ratio", "units": "", "values": 1.0513504486799052, "values_formatted": "1.0514", "alert": "1"}, {"name": "daily_var", "units": "", "values": -0.01603022950192164, "values_formatted": "-1.60%", "alert": "1"}, {"name": "daily_cvar", "units": "", "values": -0.022605548237847134, "values_formatted": "-2.26%", "alert": "1"}, {"name": "romad", "units": "", "values": -1.091333585541175, "values_formatted": "-1.0913", "alert": "-1"}, {"name": "num_days", "units": "", "values": 62, "values_formatted": "62.0000", "alert": "0"}, {"name": "turnover", "units": "pct", "values": 0.0, "values_formatted": "0.00%", "alert": "1"}]}], "figures": {"performance": {"name": "Performance", "alt": "Total Returns of $10,000", "src": "/img/cbls_performance.png"}, "tracking_error": {"name": "Tracking Error", "alt": "CBLS vs Benchmark", "src": "/img/cbls_relative_performance.png"}, "drawdown": {"name": "Drawdowns", "alt": "Drawdowns of CBLS and Benchmark", "src": "/img/cbls_drawdown.png"}, "qr_code": {"name": "CBLS Report QR CODE", "alt": "Live Report", "src": "/img/cbls_qr.png"}}, "request_params": {"fn": "portformer_replication_report", "ticker": "CBLS", "use_cash": false, "top_n": 5, "by_cluster": true, "years": 1, "months": 0, "min_months": 12}, "holdings": {"as_of_date": "2021-06-29", "start_date": "2021-06-21T00:00:00", "levels": ["all"], "max_depth": 0, "buckets": [{"id": "0", "name": "all", "positions": [{"ticker": "PTMC", "name": "Pacer Trendpilot US Mid Cap ETF", "weight": 0.5344914031806653}, {"ticker": "LABU", "name": "Direxion Daily S&P Biotech Bull 3X Shares", "weight": 0.05647193180610416}, {"ticker": "PILL", "name": "Direxion Daily Pharmaceutical & Medical Bull 3X Shares", "weight": 0.12845509273723232}, {"ticker": "PBW", "name": "Invesco WilderHill Clean Energy ETF", "weight": 0.13840760011144135}, {"ticker": "QMOM", "name": "Alpha Architect U.S. Quantitative Momentum ETF", "weight": 0.14217397216455693}], "replacement_score": {"vintage": "2021-04-01", "score": 58.587311833642055, "completeness": 53.711546585335945, "stability": 97.40986733801931, "simplicity": 83.22783341121297, "confidence": 0.0}}], "replacement_score": {"vintage": "2021-04-01", "score": 58.587311833642055, "completeness": 53.711546585335945, "stability": 97.40986733801931, "simplicity": 83.22783341121297, "confidence": 0.0}}, "replication": {"vintage": "2021-04-01", "in_sample": {"name": "in sample", "start_period": "2020-11-13", "end_period": "2021-03-31"}, "out_sample": {"name": "out sample", "start_period": "2021-04-01", "end_period": "2021-06-29"}, "scoring_stats": {"total_strategies": 778, "has_min_completeness": 581, "cluster_max": 256, "cluster_limit": 100, "strategy_limit": 0, "qualified_strategies": 369, "is_portformer": false}}}