<?xml version="1.0" encoding="utf-8" standalone="yes"?>
<rss version="2.0" xmlns:atom="http://www.w3.org/2005/Atom">
  <channel>
    <title>Funds on Automated Benchmarking Report</title>
    <link>http://localhost:8080/fund/</link>
    <description>Recent content in Funds on Automated Benchmarking Report</description>
    <generator>Hugo -- gohugo.io</generator>
    <language>en-us</language>
    <copyright>Copyright © 2021, Astrocyte Research, all rights reserved.</copyright>
    <lastBuildDate>Tue, 08 Jun 2021 22:33:29 -0400</lastBuildDate><atom:link href="http://localhost:8080/fund/index.xml" rel="self" type="application/rss+xml" />
    <item>
      <title></title>
      <link>http://localhost:8080/fund/old_cbls/</link>
      <pubDate>Tue, 08 Jun 2021 22:33:29 -0400</pubDate>
      
      <guid>http://localhost:8080/fund/old_cbls/</guid>
      <description></description>
    </item>
    
    <item>
      <title></title>
      <link>http://localhost:8080/fund/cbls/</link>
      <pubDate>Mon, 01 Jan 0001 00:00:00 +0000</pubDate>
      
      <guid>http://localhost:8080/fund/cbls/</guid>
      <description></description>
    </item>
    
    <item>
      <title></title>
      <link>http://localhost:8080/fund/cbls2/</link>
      <pubDate>Mon, 01 Jan 0001 00:00:00 +0000</pubDate>
      
      <guid>http://localhost:8080/fund/cbls2/</guid>
      <description></description>
    </item>
    
    <item>
      <title></title>
      <link>http://localhost:8080/fund/cbse/</link>
      <pubDate>Mon, 01 Jan 0001 00:00:00 +0000</pubDate>
      
      <guid>http://localhost:8080/fund/cbse/</guid>
      <description></description>
    </item>
    
  </channel>
</rss>
