<?xml version="1.0" encoding="utf-8" standalone="yes"?>
<rss version="2.0" xmlns:atom="http://www.w3.org/2005/Atom">
  <channel>
    <title>Categories on Automated Benchmarking Report</title>
    <link>http://localhost:8080/categories/</link>
    <description>Recent content in Categories on Automated Benchmarking Report</description>
    <generator>Hugo -- gohugo.io</generator>
    <language>en-us</language>
    <copyright>Copyright © 2021, Astrocyte Research, all rights reserved.</copyright><atom:link href="http://localhost:8080/categories/index.xml" rel="self" type="application/rss+xml" />
  </channel>
</rss>
